,Islamabad,Lahore,Karachi,Peshawar,Hyderabad,Jehlum,Multan,Gujranwala
Islamabad,0.0,2.515258541382969,10.69811557331477,1.566117115671752,9.540085641649135,1.0257860644403356,3.835287583741276,1.9269987467562115
Lahore,2.515258541382969,0.0,9.926418037237797,3.753669011780336,8.589486616789149,1.5211116461325238,3.1747267378468864,0.6213341934901009
Karachi,10.69811557331477,9.926418037237797,0.0,10.18330496449949,1.4541483865135638,10.508122097216033,6.956545266869183,10.227430414820722
Peshawar,1.566117115671752,3.753669011780336,10.18330496449949,0.0,9.17200836949029,2.4667269832715535,3.8023098308791186,3.2592328683296046
Hyderabad,9.540085641649135,8.589486616789149,1.4541483865135638,9.17200836949029,0.0,9.267974653612292,5.731166879440871,8.925130679155345
Jehlum,1.0257860644403356,1.5211116461325238,10.508122097216033,2.4667269832715535,9.267974653612292,0.0,3.5516468771543073,0.9124432804289859
Multan,3.835287583741276,3.1747267378468864,6.956545266869183,3.8023098308791186,5.731166879440871,3.5516468771543073,0.0,3.3417231602872146
Gujranwala,1.9269987467562115,0.6213341934901009,10.227430414820722,3.2592328683296046,8.925130679155345,0.9124432804289859,3.3417231602872146,0.0
